IR Wavenumber(cm-1),Absorbance
4000,0.000477987
3999,0.000521466
3998,0.000521466
3997,0.00056495
3996,0.000608438
3995,0.000608438
3994,0.000608438
3993,0.000608438
3992,0.000608438
3991,0.00056495
3990,0.00056495
3989,0.00056495
3988,0.00056495
3987,0.000608438
3986,0.000608438
3985,0.000651931
3984,0.000651931
3983,0.000651931
3982,0.000651931
3981,0.000651931
3980,0.000695428
3979,0.000695428
3978,0.000738929
3977,0.000738929
3976,0.000695428
3975,0.000738929
3974,0.000738929
3973,0.000738929
3972,0.000782434
3971,0.000782434
3970,0.000825944
3969,0.000825944
3968,0.000825944
3967,0.000782434
3966,0.000695428
3965,0.000608438
3964,0.000521466
3963,0.000477987
3962,0.000477987
3961,0.00056495
3960,0.000651931
3959,0.000738929
3958,0.000782434
3957,0.000738929
3956,0.000695428
3955,0.000608438
3954,0.00056495
3953,0.000521466
3952,0.000521466
3951,0.000521466
3950,0.000521466
3949,0.000521466
3948,0.000521466
3947,0.00056495
3946,0.00056495
3945,0.000651931
3944,0.000738929
3943,0.000782434
3942,0.000825944
3941,0.000782434
3940,0.000738929
3939,0.000695428
3938,0.000651931
3937,0.000608438
3936,0.000608438
3935,0.000608438
3934,0.000608438
3933,0.000608438
3932,0.000608438
3931,0.000608438
3930,0.000608438
3929,0.000608438
3928,0.000651931
3927,0.000695428
3926,0.000782434
3925,0.000825944
3924,0.000825944
3923,0.000825944
3922,0.000782434
3921,0.000738929
3920,0.000738929
3919,0.000695428
3918,0.000651931
3917,0.000608438
3916,0.00056495
3915,0.000521466
3914,0.000521466
3913,0.000521466
3912,0.00056495
3911,0.00056495
3910,0.00056495
3909,0.00056495
3908,0.000521466
3907,0.000477987
3906,0.000434512
3905,0.000391041
3904,0.000391041
3903,0.000391041
3902,0.000434512
3901,0.000521466
3900,0.00056495
3899,0.00056495
3898,0.00056495
3897,0.000521466
3896,0.00056495
3895,0.000608438
3894,0.000695428
3893,0.000738929
3892,0.000738929
3891,0.000695428
3890,0.000651931
3889,0.00056495
3888,0.000521466
3887,0.00056495
3886,0.000608438
3885,0.000651931
3884,0.000651931
3883,0.000608438
3882,0.000521466
3881,0.000434512
3880,0.000434512
3879,0.000434512
3878,0.000521466
3877,0.000608438
3876,0.000651931
3875,0.000738929
3874,0.000738929
3873,0.000695428
3872,0.000651931
3871,0.000651931
3870,0.000651931
3869,0.000651931
3868,0.000608438
3867,0.000608438
3866,0.000608438
3865,0.000651931
3864,0.000695428
3863,0.000695428
3862,0.000695428
3861,0.000651931
3860,0.000608438
3859,0.000608438
3858,0.00056495
3857,0.000477987
3856,0.000434512
3855,0.000434512
3854,0.000434512
3853,0.000434512
3852,0.000434512
3851,0.000434512
3850,0.000521466
3849,0.000608438
3848,0.000695428
3847,0.000782434
3846,0.000869459
3845,0.0009565
3844,0.00104356
3843,0.001130636
3842,0.001087096
3841,0.0009565
3840,0.000782434
3839,0.000608438
3838,0.000477987
3837,0.000434512
3836,0.000434512
3835,0.000477987
3834,0.000521466
3833,0.00056495
3832,0.00056495
3831,0.000651931
3830,0.000695428
3829,0.000738929
3828,0.000738929
3827,0.000738929
3826,0.000695428
3825,0.000695428
3824,0.000695428
3823,0.000651931
3822,0.000608438
3821,0.000608438
3820,0.000651931
3819,0.000651931
3818,0.000695428
3817,0.000695428
3816,0.000651931
3815,0.00056495
3814,0.000477987
3813,0.000434512
3812,0.000477987
3811,0.000521466
3810,0.000608438
3809,0.000695428
3808,0.000695428
3807,0.000608438
3806,0.00056495
3805,0.000521466
3804,0.000521466
3803,0.000608438
3802,0.000738929
3801,0.000912977
3800,0.001000028
3799,0.001000028
3798,0.0009565
3797,0.000912977
3796,0.000825944
3795,0.000738929
3794,0.000651931
3793,0.000608438
3792,0.000651931
3791,0.000695428
3790,0.000782434
3789,0.000782434
3788,0.000782434
3787,0.000738929
3786,0.000695428
3785,0.000695428
3784,0.000695428
3783,0.000695428
3782,0.000738929
3781,0.000825944
3780,0.000869459
3779,0.000869459
3778,0.000782434
3777,0.000651931
3776,0.000608438
3775,0.00056495
3774,0.000651931
3773,0.000738929
3772,0.000782434
3771,0.000825944
3770,0.000825944
3769,0.000782434
3768,0.000738929
3767,0.000738929
3766,0.000782434
3765,0.000782434
3764,0.000782434
3763,0.000782434
3762,0.000738929
3761,0.000695428
3760,0.000651931
3759,0.000651931
3758,0.000695428
3757,0.000782434
3756,0.0009565
3755,0.001130636
3754,0.001261284
3753,0.001348404
3752,0.001304842
3751,0.00121773
3750,0.00104356
3749,0.000825944
3748,0.000695428
3747,0.000608438
3746,0.000477987
3745,0.000304113
3744,0.000217202
3743,0.000217202
3742,0.000304113
3741,0.000477987
3740,0.000608438
3739,0.000695428
3738,0.000695428
3737,0.000695428
3736,0.000651931
3735,0.000608438
3734,0.000651931
3733,0.000695428
3732,0.000738929
3731,0.000825944
3730,0.000869459
3729,0.000912977
3728,0.000869459
3727,0.000825944
3726,0.000738929
3725,0.000651931
3724,0.000608438
3723,0.000521466
3722,0.000477987
3721,0.000477987
3720,0.000477987
3719,0.00056495
3718,0.000651931
3717,0.000738929
3716,0.000782434
3715,0.000738929
3714,0.000695428
3713,0.000651931
3712,0.000651931
3711,0.000738929
3710,0.000825944
3709,0.0009565
3708,0.001000028
3707,0.001000028
3706,0.000912977
3705,0.000782434
3704,0.000695428
3703,0.000608438
3702,0.000521466
3701,0.000521466
3700,0.000521466
3699,0.000521466
3698,0.00056495
3697,0.00056495
3696,0.000608438
3695,0.000651931
3694,0.000651931
3693,0.000695428
3692,0.000651931
3691,0.000651931
3690,0.000608438
3689,0.000608438
3688,0.000608438
3687,0.000651931
3686,0.000695428
3685,0.000738929
3684,0.000825944
3683,0.000912977
3682,0.00104356
3681,0.001174181
3680,0.001304842
3679,0.001435542
3678,0.001522697
3677,0.001653463
3676,0.001784268
3675,0.001871493
3674,0.001915112
3673,0.001915112
3672,0.001827878
3671,0.001784268
3670,0.00169706
3669,0.00160987
3668,0.001479117
3667,0.001391971
3666,0.001348404
3665,0.001348404
3664,0.001391971
3663,0.001479117
3662,0.00160987
3661,0.001653463
3660,0.001653463
3659,0.00160987
3658,0.001522697
3657,0.001435542
3656,0.001391971
3655,0.001391971
3654,0.001391971
3653,0.001479117
3652,0.001566281
3651,0.001740662
3650,0.001958736
3649,0.002089633
3648,0.002045996
3647,0.001827878
3646,0.001653463
3645,0.001566281
3644,0.001522697
3643,0.001566281
3642,0.001566281
3641,0.00160987
3640,0.00160987
3639,0.001653463
3638,0.001653463
3637,0.00160987
3636,0.001522697
3635,0.001391971
3634,0.001304842
3633,0.00121773
3632,0.001174181
3631,0.001174181
3630,0.00121773
3629,0.001261284
3628,0.001391971
3627,0.001435542
3626,0.001479117
3625,0.001479117
3624,0.001435542
3623,0.001348404
3622,0.001304842
3621,0.001261284
3620,0.001348404
3619,0.001522697
3618,0.00169706
3617,0.001871493
3616,0.002002364
3615,0.002089633
3614,0.002089633
3613,0.002089633
3612,0.002002364
3611,0.001871493
3610,0.001740662
3609,0.001653463
3608,0.001653463
3607,0.001784268
3606,0.001915112
3605,0.002133274
3604,0.002264223
3603,0.002351545
3602,0.002351545
3601,0.002220569
3600,0.002089633
3599,0.002002364
3598,0.001958736
3597,0.001958736
3596,0.002045996
3595,0.002133274
3594,0.002264223
3593,0.002307882
3592,0.002307882
3591,0.002264223
3590,0.002176919
3589,0.002133274
3588,0.002133274
3587,0.002089633
3586,0.002045996
3585,0.002045996
3584,0.002089633
3583,0.002133274
3582,0.002133274
3581,0.002133274
3580,0.002089633
3579,0.002133274
3578,0.002133274
3577,0.002220569
3576,0.002220569
3575,0.002220569
3574,0.002220569
3573,0.002176919
3572,0.002176919
3571,0.002220569
3570,0.002307882
3569,0.002482561
3568,0.002657309
3567,0.002788417
3566,0.002832129
3565,0.00274471
3564,0.002657309
3563,0.002569926
3562,0.002526241
3561,0.002438884
3560,0.002395213
3559,0.002395213
3558,0.002351545
3557,0.002351545
3556,0.002395213
3555,0.002482561
3554,0.002526241
3553,0.002569926
3552,0.002613616
3551,0.002613616
3550,0.002657309
3549,0.00274471
3548,0.002832129
3547,0.002919565
3546,0.002963289
3545,0.002919565
3544,0.002919565
3543,0.002875844
3542,0.002788417
3541,0.002701008
3540,0.002701008
3539,0.002701008
3538,0.002788417
3537,0.002875844
3536,0.003007018
3535,0.003094489
3534,0.003181978
3533,0.003138232
3532,0.003094489
3531,0.003050752
3530,0.003007018
3529,0.003050752
3528,0.003094489
3527,0.003138232
3526,0.003138232
3525,0.003138232
3524,0.003138232
3523,0.003225729
3522,0.003269485
3521,0.003313244
3520,0.003357009
3519,0.003357009
3518,0.003400777
3517,0.003400777
3516,0.00344455
3515,0.00344455
3514,0.003488328
3513,0.003575896
3512,0.003619687
3511,0.003663482
3510,0.003663482
3509,0.003619687
3508,0.003619687
3507,0.003619687
3506,0.003619687
3505,0.003663482
3504,0.003663482
3503,0.003751085
3502,0.003794894
3501,0.003838707
3500,0.003882524
3499,0.003838707
3498,0.003794894
3497,0.003751085
3496,0.003751085
3495,0.003751085
3494,0.003751085
3493,0.003838707
3492,0.003882524
3491,0.003970172
3490,0.004057837
3489,0.004101676
3488,0.004101676
3487,0.004101676
3486,0.004057837
3485,0.003970172
3484,0.003926346
3483,0.003926346
3482,0.004014002
3481,0.004101676
3480,0.004233221
3479,0.004277078
3478,0.004320939
3477,0.004320939
3476,0.004277078
3475,0.004277078
3474,0.004320939
3473,0.004320939
3472,0.004320939
3471,0.004320939
3470,0.004364805
3469,0.004364805
3468,0.004452551
3467,0.00449643
3466,0.004540313
3465,0.004584201
3464,0.004584201
3463,0.004628094
3462,0.004671991
3461,0.004715892
3460,0.004759798
3459,0.004803708
3458,0.004847623
3457,0.004847623
3456,0.004847623
3455,0.004803708
3454,0.004803708
3453,0.004759798
3452,0.004759798
3451,0.004803708
3450,0.004847623
3449,0.004935466
3448,0.005023326
3447,0.005067263
3446,0.005067263
3445,0.005111205
3444,0.005111205
3443,0.00515515
3442,0.00515515
3441,0.005199101
3440,0.005243055
3439,0.005287015
3438,0.005330978
3437,0.005330978
3436,0.005374946
3435,0.005374946
3434,0.005418919
3433,0.005506877
3432,0.005550863
3431,0.005594853
3430,0.005594853
3429,0.005594853
3428,0.005594853
3427,0.005550863
3426,0.005506877
3425,0.005506877
3424,0.005462896
3423,0.005506877
3422,0.005506877
3421,0.005550863
3420,0.005550863
3419,0.005550863
3418,0.005550863
3417,0.005550863
3416,0.005638848
3415,0.005726851
3414,0.005858889
3413,0.005946936
3412,0.005946936
3411,0.005946936
3410,0.00590291
3409,0.00590291
3408,0.005946936
3407,0.005990967
3406,0.005990967
3405,0.006035002
3404,0.005990967
3403,0.005946936
3402,0.005858889
3401,0.005770859
3400,0.005726851
3399,0.005770859
3398,0.005858889
3397,0.006035002
3396,0.006167133
3395,0.006211186
3394,0.006211186
3393,0.006167133
3392,0.006123085
3391,0.006079041
3390,0.006035002
3389,0.006035002
3388,0.006035002
3387,0.006035002
3386,0.006079041
3385,0.006123085
3384,0.006211186
3383,0.006211186
3382,0.006255243
3381,0.006255243
3380,0.006299305
3379,0.006299305
3378,0.006255243
3377,0.006255243
3376,0.006255243
3375,0.006299305
3374,0.006343371
3373,0.006387442
3372,0.006431517
3371,0.006431517
3370,0.006387442
3369,0.006387442
3368,0.006343371
3367,0.006387442
3366,0.006431517
3365,0.006519681
3364,0.00656377
3363,0.006607863
3362,0.00665196
3361,0.00665196
3360,0.006607863
3359,0.006519681
3358,0.006475597
3357,0.006431517
3356,0.006475597
3355,0.006475597
3354,0.00656377
3353,0.006607863
3352,0.00665196
3351,0.006696062
3350,0.006740169
3349,0.00678428
3348,0.006740169
3347,0.006740169
3346,0.006696062
3345,0.006696062
3344,0.006696062
3343,0.006696062
3342,0.006696062
3341,0.006696062
3340,0.006696062
3339,0.00665196
3338,0.00665196
3337,0.00665196
3336,0.006696062
3335,0.00678428
3334,0.006872515
3333,0.006916639
3332,0.006960768
3331,0.007004902
3330,0.007004902
3329,0.007049039
3328,0.007049039
3327,0.007049039
3326,0.007049039
3325,0.007004902
3324,0.006916639
3323,0.006872515
3322,0.006872515
3321,0.006872515
3320,0.006916639
3319,0.006960768
3318,0.007004902
3317,0.007093182
3316,0.007137329
3315,0.007137329
3314,0.007137329
3313,0.007137329
3312,0.007137329
3311,0.007093182
3310,0.007137329
3309,0.007137329
3308,0.00718148
3307,0.007269796
3306,0.007313961
3305,0.007313961
3304,0.00735813
3303,0.007313961
3302,0.007313961
3301,0.007269796
3300,0.007269796
3299,0.007225636
3298,0.00718148
3297,0.007137329
3296,0.007049039
3295,0.007004902
3294,0.007004902
3293,0.007004902
3292,0.007004902
3291,0.007004902
3290,0.007004902
3289,0.007049039
3288,0.007137329
3287,0.00718148
3286,0.007225636
3285,0.007269796
3284,0.007313961
3283,0.007269796
3282,0.007269796
3281,0.007225636
3280,0.00718148
3279,0.007137329
3278,0.007093182
3277,0.007049039
3276,0.007049039
3275,0.007004902
3274,0.007004902
3273,0.007049039
3272,0.007049039
3271,0.007049039
3270,0.007004902
3269,0.006960768
3268,0.006960768
3267,0.006960768
3266,0.006960768
3265,0.007004902
3264,0.007004902
3263,0.007049039
3262,0.007093182
3261,0.007137329
3260,0.00718148
3259,0.007225636
3258,0.007225636
3257,0.007225636
3256,0.00718148
3255,0.007093182
3254,0.007049039
3253,0.007004902
3252,0.007049039
3251,0.007137329
3250,0.007225636
3249,0.007269796
3248,0.007313961
3247,0.007313961
3246,0.007269796
3245,0.007269796
3244,0.00718148
3243,0.007137329
3242,0.007137329
3241,0.007137329
3240,0.00718148
3239,0.007225636
3238,0.007269796
3237,0.007269796
3236,0.007225636
3235,0.00718148
3234,0.007137329
3233,0.007137329
3232,0.007137329
3231,0.00718148
3230,0.00718148
3229,0.007225636
3228,0.007269796
3227,0.007313961
3226,0.007313961
3225,0.007269796
3224,0.007225636
3223,0.007225636
3222,0.007225636
3221,0.007313961
3220,0.007313961
3219,0.007313961
3218,0.007313961
3217,0.007269796
3216,0.007225636
3215,0.007137329
3214,0.007093182
3213,0.007093182
3212,0.007093182
3211,0.007093182
3210,0.007137329
3209,0.00718148
3208,0.00718148
3207,0.007225636
3206,0.007225636
3205,0.007225636
3204,0.00718148
3203,0.007137329
3202,0.007093182
3201,0.007049039
3200,0.006960768
3199,0.006872515
3198,0.006828395
3197,0.006828395
3196,0.006872515
3195,0.006872515
3194,0.006916639
3193,0.006872515
3192,0.006828395
3191,0.006828395
3190,0.006828395
3189,0.006828395
3188,0.006872515
3187,0.006872515
3186,0.006872515
3185,0.006872515
3184,0.006916639
3183,0.006916639
3182,0.006872515
3181,0.006828395
3180,0.00678428
3179,0.006740169
3178,0.006696062
3177,0.006696062
3176,0.00665196
3175,0.006607863
3174,0.006519681
3173,0.006475597
3172,0.006431517
3171,0.006431517
3170,0.006475597
3169,0.00656377
3168,0.006607863
3167,0.006607863
3166,0.006607863
3165,0.006519681
3164,0.006475597
3163,0.006387442
3162,0.006343371
3161,0.006343371
3160,0.006387442
3159,0.006431517
3158,0.006475597
3157,0.00656377
3156,0.00656377
3155,0.00656377
3154,0.006519681
3153,0.006475597
3152,0.006475597
3151,0.006431517
3150,0.006431517
3149,0.006475597
3148,0.006431517
3147,0.006387442
3146,0.006343371
3145,0.006255243
3144,0.006167133
3143,0.006167133
3142,0.006255243
3141,0.006343371
3140,0.006431517
3139,0.006431517
3138,0.006431517
3137,0.006387442
3136,0.006343371
3135,0.006299305
3134,0.006255243
3133,0.006211186
3132,0.006167133
3131,0.006167133
3130,0.006167133
3129,0.006167133
3128,0.006167133
3127,0.006167133
3126,0.006123085
3125,0.006123085
3124,0.006079041
3123,0.006123085
3122,0.006123085
3121,0.006079041
3120,0.006035002
3119,0.005990967
3118,0.005946936
3117,0.00590291
3116,0.00590291
3115,0.005858889
3114,0.005814872
3113,0.005770859
3112,0.005726851
3111,0.005726851
3110,0.005770859
3109,0.005858889
3108,0.00590291
3107,0.00590291
3106,0.005858889
3105,0.005814872
3104,0.005814872
3103,0.005858889
3102,0.00590291
3101,0.005990967
3100,0.005990967
3099,0.00590291
3098,0.005858889
3097,0.005770859
3096,0.005726851
3095,0.005682847
3094,0.005682847
3093,0.005726851
3092,0.005770859
3091,0.005814872
3090,0.005858889
3089,0.005858889
3088,0.005814872
3087,0.005770859
3086,0.005726851
3085,0.005638848
3084,0.005638848
3083,0.005638848
3082,0.005726851
3081,0.005814872
3080,0.005814872
3079,0.005770859
3078,0.005682847
3077,0.005550863
3076,0.005506877
3075,0.005462896
3074,0.005418919
3073,0.005418919
3072,0.005418919
3071,0.005418919
3070,0.005462896
3069,0.005506877
3068,0.005506877
3067,0.005506877
3066,0.005418919
3065,0.005330978
3064,0.005199101
3063,0.005111205
3062,0.005023326
3061,0.004979394
3060,0.005023326
3059,0.005067263
3058,0.00515515
3057,0.005243055
3056,0.005243055
3055,0.005243055
3054,0.005199101
3053,0.005199101
3052,0.00515515
3051,0.00515515
3050,0.00515515
3049,0.005199101
3048,0.005199101
3047,0.005199101
3046,0.00515515
3045,0.005111205
3044,0.005067263
3043,0.005023326
3042,0.005023326
3041,0.005067263
3040,0.005067263
3039,0.005067263
3038,0.005023326
3037,0.005023326
3036,0.004979394
3035,0.004935466
3034,0.004891542
3033,0.004847623
3032,0.004803708
3031,0.004759798
3030,0.004759798
3029,0.004759798
3028,0.004803708
3027,0.004803708
3026,0.004759798
3025,0.004715892
3024,0.004671991
3023,0.004628094
3022,0.004584201
3021,0.004628094
3020,0.004671991
3019,0.004715892
3018,0.004803708
3017,0.004847623
3016,0.004891542
3015,0.004935466
3014,0.004935466
3013,0.004891542
3012,0.004891542
3011,0.004847623
3010,0.004803708
3009,0.004715892
3008,0.004671991
3007,0.004671991
3006,0.004671991
3005,0.004671991
3004,0.004715892
3003,0.004671991
3002,0.004628094
3001,0.004584201
3000,0.004540313
2999,0.00449643
2998,0.00449643
2997,0.00449643
2996,0.004540313
2995,0.004584201
2994,0.004584201
2993,0.004628094
2992,0.004628094
2991,0.004584201
2990,0.004540313
2989,0.004540313
2988,0.004628094
2987,0.004715892
2986,0.004803708
2985,0.004847623
2984,0.004891542
2983,0.004935466
2982,0.004935466
2981,0.004935466
2980,0.004935466
2979,0.004979394
2978,0.005023326
2977,0.005067263
2976,0.005111205
2975,0.00515515
2974,0.00515515
2973,0.00515515
2972,0.005111205
2971,0.005023326
2970,0.004935466
2969,0.004891542
2968,0.004803708
2967,0.004715892
2966,0.004671991
2965,0.004671991
2964,0.004671991
2963,0.004671991
2962,0.004671991
2961,0.004584201
2960,0.00449643
2959,0.004408676
2958,0.004320939
2957,0.004233221
2956,0.004189368
2955,0.00414552
2954,0.00414552
2953,0.004189368
2952,0.004233221
2951,0.004233221
2950,0.004233221
2949,0.004189368
2948,0.004101676
2947,0.004014002
2946,0.003970172
2945,0.003970172
2944,0.003970172
2943,0.003970172
2942,0.003970172
2941,0.003970172
2940,0.003970172
2939,0.003970172
2938,0.003970172
2937,0.004014002
2936,0.003970172
2935,0.003882524
2934,0.003794894
2933,0.003751085
2932,0.003707281
2931,0.003751085
2930,0.003882524
2929,0.003970172
2928,0.004057837
2927,0.004101676
2926,0.004014002
2925,0.003882524
2924,0.003751085
2923,0.003707281
2922,0.003663482
2921,0.003663482
2920,0.003663482
2919,0.003707281
2918,0.003751085
2917,0.003794894
2916,0.003794894
2915,0.003794894
2914,0.003751085
2913,0.003663482
2912,0.003575896
2911,0.00353211
2910,0.00344455
2909,0.003400777
2908,0.003400777
2907,0.003400777
2906,0.00344455
2905,0.003488328
2904,0.003575896
2903,0.003619687
2902,0.003663482
2901,0.003663482
2900,0.003707281
2899,0.003751085
2898,0.003794894
2897,0.003794894
2896,0.003794894
2895,0.003707281
2894,0.003663482
2893,0.003619687
2892,0.003575896
2891,0.003575896
2890,0.00353211
2889,0.003488328
2888,0.00344455
2887,0.003400777
2886,0.003400777
2885,0.00344455
2884,0.00344455
2883,0.003488328
2882,0.003488328
2881,0.003488328
2880,0.00344455
2879,0.003400777
2878,0.003357009
2877,0.003269485
2876,0.003225729
2875,0.003181978
2874,0.003181978
2873,0.003181978
2872,0.003225729
2871,0.003313244
2870,0.003400777
2869,0.00344455
2868,0.003400777
2867,0.003313244
2866,0.003225729
2865,0.003138232
2864,0.003050752
2863,0.003007018
2862,0.003007018
2861,0.003007018
2860,0.003007018
2859,0.003007018
2858,0.003007018
2857,0.002963289
2856,0.002919565
2855,0.002875844
2854,0.002875844
2853,0.002832129
2852,0.002832129
2851,0.002832129
2850,0.002832129
2849,0.002788417
2848,0.00274471
2847,0.00274471
2846,0.002788417
2845,0.002832129
2844,0.002832129
2843,0.002875844
2842,0.002832129
2841,0.002788417
2840,0.002788417
2839,0.002788417
2838,0.002788417
2837,0.00274471
2836,0.002701008
2835,0.002657309
2834,0.002613616
2833,0.002569926
2832,0.002569926
2831,0.002526241
2830,0.002482561
2829,0.002438884
2828,0.002438884
2827,0.002395213
2826,0.002351545
2825,0.002307882
2824,0.002264223
2823,0.002264223
2822,0.002264223
2821,0.002307882
2820,0.002307882
2819,0.002307882
2818,0.002307882
2817,0.002264223
2816,0.002220569
2815,0.002220569
2814,0.002176919
2813,0.002176919
2812,0.002176919
2811,0.002176919
2810,0.002133274
2809,0.002089633
2808,0.002089633
2807,0.002089633
2806,0.002133274
2805,0.002133274
2804,0.002089633
2803,0.002089633
2802,0.002089633
2801,0.002089633
2800,0.002133274
2799,0.002176919
2798,0.002176919
2797,0.002176919
2796,0.002176919
2795,0.002176919
2794,0.002220569
2793,0.002176919
2792,0.002176919
2791,0.002089633
2790,0.002045996
2789,0.002002364
2788,0.001958736
2787,0.001958736
2786,0.001958736
2785,0.001958736
2784,0.001958736
2783,0.001958736
2782,0.001915112
2781,0.001915112
2780,0.001915112
2779,0.001958736
2778,0.001958736
2777,0.002002364
2776,0.002045996
2775,0.002089633
2774,0.002089633
2773,0.002089633
2772,0.002089633
2771,0.002089633
2770,0.002045996
2769,0.002002364
2768,0.001915112
2767,0.001871493
2766,0.001871493
2765,0.001871493
2764,0.001871493
2763,0.001871493
2762,0.001871493
2761,0.001871493
2760,0.001871493
2759,0.001871493
2758,0.001871493
2757,0.001871493
2756,0.001871493
2755,0.001871493
2754,0.001871493
2753,0.001827878
2752,0.001827878
2751,0.001784268
2750,0.001740662
2749,0.001740662
2748,0.001740662
2747,0.001740662
2746,0.00169706
2745,0.00169706
2744,0.00169706
2743,0.00169706
2742,0.00169706
2741,0.00169706
2740,0.001653463
2739,0.00160987
2738,0.00160987
2737,0.00160987
2736,0.00160987
2735,0.00160987
2734,0.00160987
2733,0.00160987
2732,0.001653463
2731,0.001653463
2730,0.00169706
2729,0.00169706
2728,0.00169706
2727,0.00169706
2726,0.001653463
2725,0.00160987
2724,0.00160987
2723,0.001653463
2722,0.001653463
2721,0.001653463
2720,0.00160987
2719,0.001566281
2718,0.001522697
2717,0.001522697
2716,0.001522697
2715,0.001566281
2714,0.00160987
2713,0.001566281
2712,0.001522697
2711,0.001479117
2710,0.001435542
2709,0.001391971
2708,0.001391971
2707,0.001435542
2706,0.001435542
2705,0.001391971
2704,0.001348404
2703,0.001304842
2702,0.001261284
2701,0.001261284
2700,0.001304842
2699,0.001304842
2698,0.001348404
2697,0.001348404
2696,0.001391971
2695,0.001391971
2694,0.001435542
2693,0.001435542
2692,0.001391971
2691,0.001391971
2690,0.001348404
2689,0.001304842
2688,0.001304842
2687,0.001304842
2686,0.001348404
2685,0.001348404
2684,0.001348404
2683,0.001348404
2682,0.001304842
2681,0.001261284
2680,0.00121773
2679,0.00121773
2678,0.001174181
2677,0.001174181
2676,0.001174181
2675,0.00121773
2674,0.001261284
2673,0.001304842
2672,0.001391971
2671,0.001435542
2670,0.001435542
2669,0.001391971
2668,0.001348404
2667,0.001304842
2666,0.001304842
2665,0.001348404
2664,0.001391971
2663,0.001435542
2662,0.001479117
2661,0.001566281
2660,0.00160987
2659,0.001653463
2658,0.001653463
2657,0.001653463
2656,0.001653463
2655,0.001653463
2654,0.00169706
2653,0.00169706
2652,0.00169706
2651,0.00169706
2650,0.001653463
2649,0.00160987
2648,0.001566281
2647,0.001566281
2646,0.001566281
2645,0.00160987
2644,0.00160987
2643,0.00160987
2642,0.00160987
2641,0.00160987
2640,0.00160987
2639,0.001566281
2638,0.001522697
2637,0.001479117
2636,0.001435542
2635,0.001348404
2634,0.001348404
2633,0.001348404
2632,0.001391971
2631,0.001391971
2630,0.001391971
2629,0.001304842
2628,0.001174181
2627,0.001087096
2626,0.00104356
2625,0.00104356
2624,0.00104356
2623,0.00104356
2622,0.001000028
2621,0.001000028
2620,0.001000028
2619,0.00104356
2618,0.001087096
2617,0.001130636
2616,0.001130636
2615,0.001174181
2614,0.001130636
2613,0.001130636
2612,0.001087096
2611,0.001087096
2610,0.001087096
2609,0.001087096
2608,0.001087096
2607,0.001087096
2606,0.001087096
2605,0.001130636
2604,0.001174181
2603,0.00121773
2602,0.00121773
2601,0.001261284
2600,0.001348404
2599,0.001391971
2598,0.001391971
2597,0.001391971
2596,0.001348404
2595,0.001304842
2594,0.001261284
2593,0.00121773
2592,0.00121773
2591,0.001174181
2590,0.001174181
2589,0.001174181
2588,0.001130636
2587,0.001087096
2586,0.00104356
2585,0.001000028
2584,0.001000028
2583,0.0009565
2582,0.000912977
2581,0.000912977
2580,0.000912977
2579,0.0009565
2578,0.00104356
2577,0.001087096
2576,0.001087096
2575,0.00104356
2574,0.001000028
2573,0.001000028
2572,0.001000028
2571,0.00104356
2570,0.001000028
2569,0.000869459
2568,0.000782434
2567,0.000695428
2566,0.000651931
2565,0.000608438
2564,0.000608438
2563,0.000651931
2562,0.000695428
2561,0.000738929
2560,0.000738929
2559,0.000738929
2558,0.000651931
2557,0.000608438
2556,0.00056495
2555,0.000608438
2554,0.000651931
2553,0.000695428
2552,0.000695428
2551,0.000738929
2550,0.000825944
2549,0.000912977
2548,0.00104356
2547,0.001130636
2546,0.001130636
2545,0.001130636
2544,0.001000028
2543,0.000869459
2542,0.000738929
2541,0.000651931
2540,0.000608438
2539,0.000651931
2538,0.000695428
2537,0.000738929
2536,0.000738929
2535,0.000695428
2534,0.000651931
2533,0.000651931
2532,0.000608438
2531,0.00056495
2530,0.000608438
2529,0.000651931
2528,0.000738929
2527,0.000825944
2526,0.000912977
2525,0.0009565
2524,0.000912977
2523,0.000869459
2522,0.000825944
2521,0.000825944
2520,0.000869459
2519,0.000869459
2518,0.000825944
2517,0.000782434
2516,0.000738929
2515,0.000695428
2514,0.000651931
2513,0.000695428
2512,0.000738929
2511,0.000825944
2510,0.000869459
2509,0.000912977
2508,0.000912977
2507,0.000912977
2506,0.000869459
2505,0.000825944
2504,0.000738929
2503,0.000651931
2502,0.00056495
2501,0.000521466
2500,0.000521466
2499,0.00056495
2498,0.000651931
2497,0.000782434
2496,0.000912977
2495,0.00104356
2494,0.001130636
2493,0.001130636
2492,0.001087096
2491,0.001000028
2490,0.000912977
2489,0.000869459
2488,0.000825944
2487,0.000782434
2486,0.000695428
2485,0.000608438
2484,0.000521466
2483,0.000434512
2482,0.000391041
2481,0.000347575
2480,0.000391041
2479,0.000434512
2478,0.000521466
2477,0.00056495
2476,0.00056495
2475,0.000521466
2474,0.000521466
2473,0.000521466
2472,0.000521466
2471,0.000521466
2470,0.000521466
2469,0.000477987
2468,0.000477987
2467,0.000477987
2466,0.000521466
2465,0.000521466
2464,0.000521466
2463,0.000434512
2462,0.000391041
2461,0.000304113
2460,0.000304113
2459,0.000347575
2458,0.000434512
2457,0.000477987
2456,0.000521466
2455,0.000477987
2454,0.000391041
2453,0.000347575
2452,0.000304113
2451,0.000304113
2450,0.000347575
2449,0.000434512
2448,0.000521466
2447,0.000608438
2446,0.000651931
2445,0.000651931
2444,0.000608438
2443,0.00056495
2442,0.00056495
2441,0.000521466
2440,0.000521466
2439,0.000477987
2438,0.000434512
2437,0.000347575
2436,0.000304113
2435,0.000260655
2434,0.000260655
2433,0.000347575
2432,0.000521466
2431,0.000651931
2430,0.000782434
2429,0.000782434
2428,0.000695428
2427,0.00056495
2426,0.000391041
2425,0.000304113
2424,0.000304113
2423,0.000347575
2422,0.000391041
2421,0.000391041
2420,0.000391041
2419,0.000391041
2418,0.000391041
2417,0.000434512
2416,0.000477987
2415,0.00056495
2414,0.000651931
2413,0.000738929
2412,0.000738929
2411,0.000738929
2410,0.000695428
2409,0.000651931
2408,0.00056495
2407,0.000521466
2406,0.000434512
2405,0.000391041
2404,0.000304113
2403,0.000260655
2402,0.000260655
2401,0.000304113
2400,0.000391041
2399,0.000434512
2398,0.000477987
2397,0.000477987
2396,0.000477987
2395,0.000477987
2394,0.000521466
2393,0.000477987
2392,0.000477987
2391,0.000434512
2390,0.000391041
2389,0.000391041
2388,0.000434512
2387,0.000434512
2386,0.000347575
2385,0.000260655
2384,0.000173753
2383,0.000173753
2382,0.000217202
2381,0.000304113
2380,0.000434512
2379,0.00056495
2378,0.000608438
2377,0.000521466
2376,0.000434512
2375,0.000347575
2374,0.000347575
2373,0.000391041
2372,0.000434512
2371,0.000434512
2370,0.000434512
2369,0.000434512
2368,0.000477987
2367,0.000434512
2366,0.000347575
2365,0.000217202
2364,0.000173753
2363,0.000260655
2362,0.000521466
2361,0.000825944
2360,0.001087096
2359,0.001261284
2358,0.001261284
2357,0.001130636
2356,0.000869459
2355,0.00056495
2354,0.000304113
2353,0.000217202
2352,0.000304113
2351,0.000477987
2350,0.000608438
2349,0.000651931
2348,0.000608438
2347,0.000477987
2346,0.000347575
2345,0.000304113
2344,0.000434512
2343,0.000651931
2342,0.000869459
2341,0.001000028
2340,0.001087096
2339,0.001130636
2338,0.001130636
2337,0.001000028
2336,0.000825944
2335,0.000695428
2334,0.000651931
2333,0.000695428
2332,0.000738929
2331,0.000651931
2330,0.000521466
2329,0.000391041
2328,0.000347575
2327,0.000521466
2326,0.000825944
2325,0.00121773
2324,0.001522697
2323,0.001566281
2322,0.001391971
2321,0.001130636
2320,0.0009565
2319,0.000869459
2318,0.000869459
2317,0.000869459
2316,0.000869459
2315,0.000912977
2314,0.001000028
2313,0.00104356
2312,0.001000028
2311,0.000825944
2310,0.000608438
2309,0.000477987
2308,0.000477987
2307,0.000521466
2306,0.000608438
2305,0.000782434
2304,0.000912977
2303,0.001000028
2302,0.00104356
2301,0.001000028
2300,0.0009565
2299,0.000912977
2298,0.0009565
2297,0.0009565
2296,0.0009565
2295,0.000912977
2294,0.000869459
2293,0.000825944
2292,0.000782434
2291,0.000738929
2290,0.000695428
2289,0.000651931
2288,0.000651931
2287,0.000651931
2286,0.000651931
2285,0.000651931
2284,0.000695428
2283,0.000738929
2282,0.000782434
2281,0.000869459
2280,0.0009565
2279,0.001000028
2278,0.001000028
2277,0.000912977
2276,0.000825944
2275,0.000695428
2274,0.00056495
2273,0.000391041
2272,0.000304113
2271,0.000304113
2270,0.000391041
2269,0.00056495
2268,0.000695428
2267,0.000695428
2266,0.000608438
2265,0.000434512
2264,0.000304113
2263,0.000260655
2262,0.000347575
2261,0.000434512
2260,0.000477987
2259,0.000477987
2258,0.000434512
2257,0.000391041
2256,0.000391041
2255,0.000477987
2254,0.000608438
2253,0.000608438
2252,0.00056495
2251,0.000391041
2250,0.000304113
2249,0.000260655
2248,0.000347575
2247,0.000521466
2246,0.000738929
2245,0.000869459
2244,0.000912977
2243,0.000825944
2242,0.000738929
2241,0.000608438
2240,0.000521466
2239,0.000521466
2238,0.00056495
2237,0.000695428
2236,0.000869459
2235,0.00104356
2234,0.001130636
2233,0.00104356
2232,0.000825944
2231,0.000521466
2230,0.000260655
2229,8.68676E-05
2228,8.68676E-05
2227,0.000173753
2226,0.000304113
2225,0.000347575
2224,0.000391041
2223,0.000391041
2222,0.000434512
2221,0.000521466
2220,0.00056495
2219,0.000521466
2218,0.000347575
2217,0.000130308
2216,0
2215,0
2214,0.000130308
2213,0.000260655
2212,0.000260655
2211,0.000130308
2210,-8.69E-05
2209,-0.000217093
2208,-0.000217093
2207,-8.69E-05
2206,8.68676E-05
2205,0.000260655
2204,0.000304113
2203,0.000260655
2202,0.000130308
2201,-8.69E-05
2200,-0.000260499
2199,-0.000390689
2198,-0.000434077
2197,-0.000477461
2196,-0.000520841
2195,-0.000520841
2194,-0.000434077
2193,-0.0003039
2192,-8.69E-05
2191,0.000130308
2190,0.000260655
2189,0.000304113
2188,0.000304113
2187,0.000217202
2186,8.68676E-05
2185,0
2184,-4.34E-05
2183,-0.000130269
2182,-0.000260499
2181,-0.000390689
2180,-0.000520841
2179,-0.000564216
2178,-0.000564216
2177,-0.000434077
2176,-0.0003039
2175,-8.69E-05
2174,0.000130308
2173,0.000347575
2172,0.000434512
2171,0.000391041
2170,0.000260655
2169,8.68676E-05
2168,-8.69E-05
2167,-0.000217093
2166,-0.000217093
2165,-0.000217093
2164,-0.000217093
2163,-0.0003039
2162,-0.000434077
2161,-0.000607587
2160,-0.000694316
2159,-0.000737674
2158,-0.000694316
2157,-0.000650954
2156,-0.000607587
2155,-0.000564216
2154,-0.000564216
2153,-0.000520841
2152,-0.000390689
2151,-0.000260499
2150,-8.69E-05
2149,0
2148,4.34316E-05
2147,0.000173753
2146,0.000391041
2145,0.000651931
2144,0.000869459
2143,0.000912977
2142,0.000782434
2141,0.000521466
2140,0.000217202
2139,-8.69E-05
2138,-0.0003039
2137,-0.000390689
2136,-0.000347297
2135,-0.000260499
2134,-0.000130269
2133,-8.69E-05
2132,-0.000130269
2131,-0.000173683
2130,-0.000173683
2129,-0.000130269
2128,4.34316E-05
2127,0.000173753
2126,0.000304113
2125,0.000347575
2124,0.000304113
2123,0.000217202
2122,0.000130308
2121,8.68676E-05
2120,8.68676E-05
2119,4.34316E-05
2118,-4.34E-05
2117,-0.000173683
2116,-0.0003039
2115,-0.000260499
2114,-0.000173683
2113,0
2112,0.000130308
2111,0.000217202
2110,0.000260655
2109,0.000304113
2108,0.000304113
2107,0.000217202
2106,8.68676E-05
2105,4.34316E-05
2104,4.34316E-05
2103,0.000130308
2102,0.000217202
2101,0.000260655
2100,0.000347575
2099,0.000347575
2098,0.000391041
2097,0.000434512
2096,0.000521466
2095,0.000651931
2094,0.000738929
2093,0.000738929
2092,0.000651931
2091,0.000434512
2090,0.000173753
2089,-8.69E-05
2088,-0.000260499
2087,-0.000390689
2086,-0.000434077
2085,-0.000434077
2084,-0.0003039
2083,-0.000173683
2082,4.34316E-05
2081,0.000260655
2080,0.000391041
2079,0.000434512
2078,0.000434512
2077,0.000434512
2076,0.000391041
2075,0.000347575
2074,0.000347575
2073,0.000391041
2072,0.000477987
2071,0.000477987
2070,0.000477987
2069,0.000477987
2068,0.000434512
2067,0.000391041
2066,0.000260655
2065,0.000130308
2064,-4.34E-05
2063,-0.000130269
2062,-8.69E-05
2061,8.68676E-05
2060,0.000217202
2059,0.000347575
2058,0.000391041
2057,0.000391041
2056,0.000347575
2055,0.000217202
2054,8.68676E-05
2053,4.34316E-05
2052,8.68676E-05
2051,0.000260655
2050,0.000521466
2049,0.000695428
2048,0.000782434
2047,0.000825944
2046,0.000782434
2045,0.000738929
2044,0.000651931
2043,0.000608438
2042,0.000521466
2041,0.000477987
2040,0.000391041
2039,0.000347575
2038,0.000260655
2037,0.000217202
2036,0.000173753
2035,0.000217202
2034,0.000304113
2033,0.000477987
2032,0.000651931
2031,0.000738929
2030,0.000695428
2029,0.000521466
2028,0.000391041
2027,0.000304113
2026,0.000304113
2025,0.000260655
2024,0.000260655
2023,0.000260655
2022,0.000347575
2021,0.000477987
2020,0.00056495
2019,0.000608438
2018,0.00056495
2017,0.00056495
2016,0.000521466
2015,0.000434512
2014,0.000304113
2013,0.000173753
2012,8.68676E-05
2011,0
2010,-0.000130269
2009,-0.0003039
2008,-0.000520841
2007,-0.000520841
2006,-0.000434077
2005,-0.000217093
2004,-0.000130269
2003,-0.000130269
2002,-0.000217093
2001,-0.000347297
2000,-0.000477461
1999,-0.000477461
1998,-0.000260499
1997,0.000130308
1996,0.000608438
1995,0.00104356
1994,0.001304842
1993,0.001261284
1992,0.001000028
1991,0.000608438
1990,0.000347575
1989,0.000217202
1988,0.000173753
1987,0.000217202
1986,0.000260655
1985,0.000304113
1984,0.000477987
1983,0.000651931
1982,0.000782434
1981,0.000825944
1980,0.000695428
1979,0.000521466
1978,0.000391041
1977,0.000347575
1976,0.000434512
1975,0.000651931
1974,0.0009565
1973,0.001261284
1972,0.001479117
1971,0.001566281
1970,0.001522697
1969,0.001391971
1968,0.001261284
1967,0.001174181
1966,0.001174181
1965,0.001130636
1964,0.00104356
1963,0.000912977
1962,0.000782434
1961,0.000738929
1960,0.000738929
1959,0.000738929
1958,0.000738929
1957,0.000695428
1956,0.000651931
1955,0.00056495
1954,0.00056495
1953,0.00056495
1952,0.000695428
1951,0.000782434
1950,0.000738929
1949,0.000608438
1948,0.000391041
1947,0.000130308
1946,-4.34E-05
1945,-0.000130269
1944,-8.69E-05
1943,8.68676E-05
1942,0.000391041
1941,0.000608438
1940,0.000695428
1939,0.00056495
1938,0.000304113
1937,0
1936,-0.000217093
1935,-0.000260499
1934,-0.000173683
1933,-4.34E-05
1932,4.34316E-05
1931,4.34316E-05
1930,4.34316E-05
1929,0.000130308
1928,0.000304113
1927,0.000521466
1926,0.000695428
1925,0.000738929
1924,0.000695428
1923,0.00056495
1922,0.000477987
1921,0.000477987
1920,0.000521466
1919,0.000651931
1918,0.000738929
1917,0.000782434
1916,0.000738929
1915,0.00056495
1914,0.000347575
1913,0.000130308
1912,0
1911,-4.34E-05
1910,4.34316E-05
1909,0.000173753
1908,0.000260655
1907,0.000217202
1906,8.68676E-05
1905,-4.34E-05
1904,-0.000130269
1903,-8.69E-05
1902,-4.34E-05
1901,4.34316E-05
1900,4.34316E-05
1899,4.34316E-05
1898,4.34316E-05
1897,8.68676E-05
1896,0.000130308
1895,0.000130308
1894,0.000130308
1893,0.000130308
1892,0.000130308
1891,0.000173753
1890,0.000217202
1889,0.000304113
1888,0.000347575
1887,0.000347575
1886,0.000347575
1885,0.000347575
1884,0.000347575
1883,0.000347575
1882,0.000391041
1881,0.000434512
1880,0.000477987
1879,0.000477987
1878,0.000477987
1877,0.000434512
1876,0.000434512
1875,0.000391041
1874,0.000347575
1873,0.000304113
1872,0.000347575
1871,0.000434512
1870,0.00056495
1869,0.000651931
1868,0.000651931
1867,0.00056495
1866,0.000434512
1865,0.000391041
1864,0.000391041
1863,0.000477987
1862,0.00056495
1861,0.000651931
1860,0.000738929
1859,0.000782434
1858,0.000782434
1857,0.000695428
1856,0.000608438
1855,0.000477987
1854,0.000391041
1853,0.000391041
1852,0.000391041
1851,0.000434512
1850,0.000477987
1849,0.000477987
1848,0.000477987
1847,0.000521466
1846,0.000608438
1845,0.000695428
1844,0.000738929
1843,0.000608438
1842,0.000477987
1841,0.000391041
1840,0.000347575
1839,0.000347575
1838,0.000391041
1837,0.000434512
1836,0.000434512
1835,0.000477987
1834,0.000521466
1833,0.000608438
1832,0.000738929
1831,0.000869459
1830,0.000912977
1829,0.000869459
1828,0.000825944
1827,0.000825944
1826,0.000869459
1825,0.000912977
1824,0.000869459
1823,0.000825944
1822,0.000825944
1821,0.000825944
1820,0.000825944
1819,0.000738929
1818,0.000651931
1817,0.00056495
1816,0.000477987
1815,0.000391041
1814,0.000391041
1813,0.000434512
1812,0.000521466
1811,0.000651931
1810,0.000695428
1809,0.000695428
1808,0.000651931
1807,0.000608438
1806,0.000521466
1805,0.000477987
1804,0.000521466
1803,0.000608438
1802,0.000738929
1801,0.000869459
1800,0.000912977
1799,0.000912977
1798,0.000869459
1797,0.000825944
1796,0.000738929
1795,0.000651931
1794,0.00056495
1793,0.000521466
1792,0.000521466
1791,0.000521466
1790,0.00056495
1789,0.00056495
1788,0.00056495
1787,0.000651931
1786,0.000825944
1785,0.0009565
1784,0.00104356
1783,0.00104356
1782,0.001000028
1781,0.000912977
1780,0.000869459
1779,0.000825944
1778,0.000782434
1777,0.000825944
1776,0.000869459
1775,0.001000028
1774,0.00104356
1773,0.00104356
1772,0.0009565
1771,0.000782434
1770,0.000608438
1769,0.00056495
1768,0.00056495
1767,0.000608438
1766,0.000695428
1765,0.000782434
1764,0.000869459
1763,0.0009565
1762,0.001000028
1761,0.0009565
1760,0.0009565
1759,0.001000028
1758,0.001087096
1757,0.001130636
1756,0.001130636
1755,0.001130636
1754,0.001174181
1753,0.00121773
1752,0.001304842
1751,0.001348404
1750,0.001391971
1749,0.001479117
1748,0.001566281
1747,0.00160987
1746,0.00169706
1745,0.001653463
1744,0.001566281
1743,0.001391971
1742,0.00121773
1741,0.001087096
1740,0.00104356
1739,0.001174181
1738,0.001391971
1737,0.001653463
1736,0.001871493
1735,0.001958736
1734,0.001958736
1733,0.001871493
1732,0.001827878
1731,0.001871493
1730,0.001958736
1729,0.002089633
1728,0.002176919
1727,0.002220569
1726,0.002264223
1725,0.002307882
1724,0.002395213
1723,0.002438884
1722,0.002526241
1721,0.002613616
1720,0.00274471
1719,0.002875844
1718,0.003050752
1717,0.003225729
1716,0.003313244
1715,0.003400777
1714,0.003488328
1713,0.003575896
1712,0.003619687
1711,0.003707281
1710,0.003751085
1709,0.003794894
1708,0.003838707
1707,0.003794894
1706,0.003707281
1705,0.003707281
1704,0.003707281
1703,0.003751085
1702,0.003794894
1701,0.003751085
1700,0.003707281
1699,0.003663482
1698,0.003663482
1697,0.003707281
1696,0.003707281
1695,0.003751085
1694,0.003794894
1693,0.003838707
1692,0.003882524
1691,0.003882524
1690,0.003838707
1689,0.003751085
1688,0.003663482
1687,0.003619687
1686,0.003619687
1685,0.003663482
1684,0.003707281
1683,0.003794894
1682,0.003794894
1681,0.003838707
1680,0.003882524
1679,0.003882524
1678,0.003838707
1677,0.003794894
1676,0.003707281
1675,0.003751085
1674,0.003882524
1673,0.004101676
1672,0.004320939
1671,0.004628094
1670,0.00515515
1669,0.005858889
1668,0.006475597
1667,0.006960768
1666,0.007269796
1665,0.007534852
1664,0.007711646
1663,0.007844289
1662,0.008021209
1661,0.008109696
1660,0.008153946
1659,0.00824246
1658,0.008286724
1657,0.008330993
1656,0.008419543
1655,0.008419543
1654,0.008463825
1653,0.008508111
1652,0.008508111
1651,0.008508111
1650,0.008508111
1649,0.008419543
1648,0.008153946
1647,0.007844289
1646,0.007534852
1645,0.007313961
1644,0.00718148
1643,0.007137329
1642,0.007049039
1641,0.007004902
1640,0.006916639
1639,0.006872515
1638,0.006828395
1637,0.006740169
1636,0.006696062
1635,0.00678428
1634,0.006960768
1633,0.007225636
1632,0.007534852
1631,0.007844289
1630,0.008153946
1629,0.008419543
1628,0.008685302
1627,0.008906892
1626,0.009128595
1625,0.009350412
1624,0.009749967
1623,0.010238812
1622,0.010772726
1621,0.011307297
1620,0.011708658
1619,0.01215505
1618,0.012646611
1617,0.013362604
1616,0.014214382
1615,0.014977918
1614,0.015652742
1613,0.016328617
1612,0.017005545
1611,0.017774008
1610,0.01858916
1609,0.019405844
1608,0.020315076
1607,0.021226216
1606,0.022184974
1605,0.023283296
1604,0.024522237
1603,0.026041314
1602,0.027750864
1601,0.029653124
1600,0.031610458
1599,0.033670505
1598,0.035834689
1597,0.038104526
1596,0.040481623
1595,0.042871802
1594,0.045082446
1593,0.046965543
1592,0.048468209
1591,0.049586461
1590,0.050366076
1589,0.050707599
1588,0.050707599
1587,0.050414849
1586,0.04992737
1585,0.049294465
1584,0.048565334
1583,0.047740463
1582,0.046917156
1581,0.046095407
1580,0.045323413
1579,0.044456558
1578,0.043351421
1577,0.041770686
1576,0.039671949
1575,0.037583307
1574,0.035929029
1573,0.03461013
1572,0.033248336
1571,0.031657169
1570,0.029792641
1569,0.027982401
1568,0.026548856
1567,0.025534364
1566,0.024752059
1565,0.024017056
1564,0.023283296
1563,0.022596519
1562,0.022047879
1561,0.021499931
1560,0.020815966
1559,0.019860222
1558,0.018906577
1557,0.018317273
1556,0.018000286
1555,0.017819254
1554,0.017593071
1553,0.017412209
1552,0.017186238
1551,0.016870075
1550,0.016509028
1549,0.016103209
1548,0.015652742
1547,0.015292706
1546,0.014932967
1545,0.014573526
1544,0.014259259
1543,0.013945219
1542,0.013541787
1541,0.013049212
1540,0.012467797
1539,0.011976438
1538,0.011708658
1537,0.01157483
1536,0.011441043
1535,0.011262725
1534,0.010950844
1533,0.010594682
1532,0.010327752
1531,0.010105436
1530,0.010016542
1529,0.009927665
1528,0.009883234
1527,0.009883234
1526,0.009883234
1525,0.009883234
1524,0.009927665
1523,0.009927665
1522,0.009927665
1521,0.009927665
1520,0.009972101
1519,0.01014989
1518,0.010639186
1517,0.011485634
1516,0.01278077
1515,0.014393917
1514,0.016373713
1513,0.018861217
1512,0.02200219
1511,0.025580426
1510,0.029374223
1509,0.032920266
1508,0.035033625
1507,0.033623577
1506,0.029049066
1505,0.024614151
1504,0.0214543
1503,0.01899731
1502,0.016870075
1501,0.014753209
1500,0.012825499
1499,0.011084479
1498,0.009483556
1497,0.008021209
1496,0.006828395
1495,0.005990967
1494,0.005506877
1493,0.005243055
1492,0.005111205
1491,0.005067263
1490,0.005067263
1489,0.004935466
1488,0.004759798
1487,0.004540313
1486,0.004364805
1485,0.004277078
1484,0.004189368
1483,0.00414552
1482,0.004101676
1481,0.004014002
1480,0.003970172
1479,0.003926346
1478,0.003926346
1477,0.003970172
1476,0.004057837
1475,0.00414552
1474,0.004233221
1473,0.004277078
1472,0.004320939
1471,0.004364805
1470,0.004408676
1469,0.004540313
1468,0.004671991
1467,0.004847623
1466,0.005067263
1465,0.005330978
1464,0.005550863
1463,0.005770859
1462,0.006035002
1461,0.006299305
1460,0.00665196
1459,0.007137329
1458,0.00793274
1457,0.008906892
1456,0.009749967
1455,0.010416711
1454,0.010950844
1453,0.011485634
1452,0.01215505
1451,0.012870232
1450,0.01376587
1449,0.014843079
1448,0.016103209
1447,0.017547849
1446,0.019042684
1445,0.020588217
1444,0.022322112
1443,0.024246611
1442,0.026364227
1441,0.028492218
1440,0.030584088
1439,0.032592443
1438,0.034657164
1437,0.036968125
1436,0.039101323
1435,0.040624663
1434,0.041579472
1433,0.042057665
1432,0.042344833
1431,0.042536384
1430,0.042632192
1429,0.042632192
1428,0.042680103
1427,0.042680103
1426,0.04282387
1425,0.043015632
1424,0.043255455
1423,0.043591429
1422,0.044071843
1421,0.044841613
1420,0.046240308
1419,0.048419655
1418,0.051195954
1417,0.054039296
1416,0.056851871
1415,0.059832286
1414,0.063335487
1413,0.067475503
1412,0.072424345
1411,0.078105529
1410,0.084336396
1409,0.090657962
1408,0.09685573
1407,0.102812923
1406,0.108629825
1405,0.114356128
1404,0.119929916
1403,0.125460203
1402,0.131590697
1401,0.139422449
1400,0.149660145
1399,0.161969917
1398,0.174249419
1397,0.184355851
1396,0.190777078
1395,0.192871044
1394,0.190574971
1393,0.184555084
1392,0.176004409
1391,0.165833716
1390,0.15434394
1389,0.141342516
1388,0.127377621
1387,0.11407366
1386,0.103363569
1385,0.095825632
1384,0.090443971
1383,0.085815567
1382,0.08102657
1381,0.07592757
1380,0.070836617
1379,0.066310291
1378,0.06253226
1377,0.059334128
1376,0.056505484
1375,0.053646003
1374,0.050658793
1373,0.047837426
1372,0.045371622
1371,0.043111545
1370,0.040910886
1369,0.038626372
1368,0.036306595
1367,0.034187047
1366,0.032264868
1365,0.030584088
1364,0.028909787
1363,0.027241916
1362,0.025672565
1361,0.024292536
1360,0.023191663
1359,0.022230682
1358,0.021363052
1357,0.020588217
1356,0.019860222
1355,0.019178833
1354,0.01858916
1353,0.018000286
1352,0.017457418
1351,0.016960384
1350,0.016509028
1349,0.016058141
1348,0.015652742
1347,0.015247722
1346,0.01488802
1345,0.014573526
1344,0.014259259
1343,0.014034922
1342,0.013855535
1341,0.013721044
1340,0.013631406
1339,0.013496985
1338,0.013228266
1337,0.012870232
1336,0.012467797
1335,0.01211039
1334,0.011842527
1333,0.011619435
1332,0.011485634
1331,0.011396457
1330,0.011396457
1329,0.011396457
1328,0.01153023
1327,0.011708658
1326,0.011931797
1325,0.012199714
1324,0.012467797
1323,0.012691326
1322,0.01278077
1321,0.012825499
1320,0.012736046
1319,0.012557195
1318,0.012333735
1317,0.012021084
1316,0.011708658
1315,0.011441043
1314,0.011173593
1313,0.010950844
1312,0.010772726
1311,0.010594682
1310,0.010461197
1309,0.01028328
1308,0.010060987
1307,0.009883234
1306,0.009749967
1305,0.009616741
1304,0.009527946
1303,0.00943917
1302,0.009350412
1301,0.009306039
1300,0.009306039
1299,0.009394789
1298,0.00943917
1297,0.009483556
1296,0.009483556
1295,0.00943917
1294,0.009350412
1293,0.009261671
1292,0.009172949
1291,0.0090399
1290,0.008951224
1289,0.008773924
1288,0.008596697
1287,0.008375265
1286,0.008198201
1285,0.00806545
1284,0.007976972
1283,0.007888512
1282,0.007844289
1281,0.007844289
1280,0.007844289
1279,0.007844289
1278,0.007888512
1277,0.007888512
1276,0.00793274
1275,0.00793274
1274,0.00793274
1273,0.007888512
1272,0.007844289
1271,0.00780007
1270,0.00780007
1269,0.00780007
1268,0.007755856
1267,0.007711646
1266,0.007579044
1265,0.007490665
1264,0.007402304
1263,0.007402304
1262,0.007446482
1261,0.007579044
1260,0.007755856
1259,0.00793274
1258,0.00806545
1257,0.008153946
1256,0.008198201
1255,0.00824246
1254,0.00824246
1253,0.008153946
1252,0.007976972
1251,0.00780007
1250,0.007579044
1249,0.00735813
1248,0.007137329
1247,0.006960768
1246,0.00678428
1245,0.00656377
1244,0.006387442
1243,0.006211186
1242,0.006035002
1241,0.005858889
1240,0.005726851
1239,0.005594853
1238,0.005506877
1237,0.005418919
1236,0.005330978
1235,0.005243055
1234,0.00515515
1233,0.005067263
1232,0.004979394
1231,0.004891542
1230,0.004803708
1229,0.004715892
1228,0.004628094
1227,0.004540313
1226,0.004540313
1225,0.00449643
1224,0.004452551
1223,0.004408676
1222,0.004320939
1221,0.004233221
1220,0.004189368
1219,0.004189368
1218,0.004189368
1217,0.004277078
1216,0.004277078
1215,0.004277078
1214,0.004189368
1213,0.004057837
1212,0.003926346
1211,0.003838707
1210,0.003794894
1209,0.003751085
1208,0.003663482
1207,0.003619687
1206,0.00353211
1205,0.00344455
1204,0.003400777
1203,0.003400777
1202,0.003400777
1201,0.00344455
1200,0.003488328
1199,0.003488328
1198,0.00353211
1197,0.00353211
1196,0.00353211
1195,0.003488328
1194,0.003400777
1193,0.003313244
1192,0.003225729
1191,0.003225729
1190,0.003225729
1189,0.003269485
1188,0.003357009
1187,0.003400777
1186,0.00344455
1185,0.00344455
1184,0.003400777
1183,0.003400777
1182,0.003400777
1181,0.00344455
1180,0.003488328
1179,0.00353211
1178,0.003619687
1177,0.003707281
1176,0.003882524
1175,0.004057837
1174,0.004277078
1173,0.004452551
1172,0.004628094
1171,0.004803708
1170,0.005023326
1169,0.005330978
1168,0.005770859
1167,0.006299305
1166,0.006960768
1165,0.007755856
1164,0.008640997
1163,0.00943917
1162,0.010060987
1161,0.010461197
1160,0.010505687
1159,0.010327752
1158,0.009883234
1157,0.009306039
1156,0.008640997
1155,0.007976972
1154,0.00735813
1153,0.006828395
1152,0.006387442
1151,0.005990967
1150,0.005594853
1149,0.005287015
1148,0.005023326
1147,0.004891542
1146,0.004803708
1145,0.004715892
1144,0.004671991
1143,0.004584201
1142,0.004452551
1141,0.004364805
1140,0.004277078
1139,0.004277078
1138,0.004320939
1137,0.004320939
1136,0.004320939
1135,0.004277078
1134,0.004189368
1133,0.004057837
1132,0.003970172
1131,0.003926346
1130,0.003882524
1129,0.003882524
1128,0.003838707
1127,0.003838707
1126,0.003838707
1125,0.003882524
1124,0.003970172
1123,0.004057837
1122,0.00414552
1121,0.004189368
1120,0.004189368
1119,0.004189368
1118,0.004189368
1117,0.004277078
1116,0.004364805
1115,0.004452551
1114,0.004584201
1113,0.004671991
1112,0.004803708
1111,0.004891542
1110,0.005023326
1109,0.00515515
1108,0.005374946
1107,0.005638848
1106,0.005858889
1105,0.005946936
1104,0.00590291
1103,0.005682847
1102,0.005418919
1101,0.005199101
1100,0.005067263
1099,0.004979394
1098,0.004935466
1097,0.004935466
1096,0.004935466
1095,0.004979394
1094,0.005067263
1093,0.00515515
1092,0.005243055
1091,0.005330978
1090,0.005374946
1089,0.005374946
1088,0.005330978
1087,0.005243055
1086,0.005199101
1085,0.005111205
1084,0.005067263
1083,0.005067263
1082,0.005067263
1081,0.005023326
1080,0.004935466
1079,0.004847623
1078,0.004759798
1077,0.004715892
1076,0.004715892
1075,0.004628094
1074,0.004540313
1073,0.004452551
1072,0.004408676
1071,0.004408676
1070,0.004452551
1069,0.00449643
1068,0.00449643
1067,0.004408676
1066,0.004320939
1065,0.004233221
1064,0.004233221
1063,0.004233221
1062,0.004233221
1061,0.004320939
1060,0.004408676
1059,0.00449643
1058,0.004628094
1057,0.004759798
1056,0.004891542
1055,0.005067263
1054,0.005199101
1053,0.005418919
1052,0.005682847
1051,0.005990967
1050,0.006387442
1049,0.006872515
1048,0.007313961
1047,0.00762324
1046,0.007844289
1045,0.00793274
1044,0.00793274
1043,0.007888512
1042,0.007755856
1041,0.007534852
1040,0.007269796
1039,0.006960768
1038,0.006696062
1037,0.006431517
1036,0.006211186
1035,0.005990967
1034,0.005770859
1033,0.005638848
1032,0.005550863
1031,0.005462896
1030,0.005462896
1029,0.005418919
1028,0.005506877
1027,0.005638848
1026,0.005946936
1025,0.00656377
1024,0.007755856
1023,0.009927665
1022,0.01300446
1021,0.01623844
1020,0.018498512
1019,0.018815863
1018,0.017050711
1017,0.014124643
1016,0.011173593
1015,0.00899556
1014,0.007755856
1013,0.007093182
1012,0.006696062
1011,0.006387442
1010,0.006123085
1009,0.005814872
1008,0.005638848
1007,0.005462896
1006,0.005374946
1005,0.005330978
1004,0.005287015
1003,0.005199101
1002,0.00515515
1001,0.00515515
1000,0.005199101
999,0.005243055
998,0.005287015
997,0.005287015
996,0.005287015
995,0.005243055
994,0.005287015
993,0.005374946
992,0.005506877
991,0.005594853
990,0.005682847
989,0.005770859
988,0.005770859
987,0.005814872
986,0.005814872
985,0.005858889
984,0.00590291
983,0.006035002
982,0.006167133
981,0.006299305
980,0.006387442
979,0.006387442
978,0.006343371
977,0.006255243
976,0.006211186
975,0.006167133
974,0.006167133
973,0.006167133
972,0.006167133
971,0.006167133
970,0.006167133
969,0.006255243
968,0.006343371
967,0.006431517
966,0.006519681
965,0.006519681
964,0.006519681
963,0.006475597
962,0.006475597
961,0.006431517
960,0.006475597
959,0.00656377
958,0.00665196
957,0.00678428
956,0.006872515
955,0.007004902
954,0.007004902
953,0.007004902
952,0.007004902
951,0.007004902
950,0.007049039
949,0.007137329
948,0.007269796
947,0.007402304
946,0.007534852
945,0.00762324
944,0.007667441
943,0.007667441
942,0.00762324
941,0.00762324
940,0.007579044
939,0.007579044
938,0.007534852
937,0.007534852
936,0.007534852
935,0.007534852
934,0.007579044
933,0.007579044
932,0.007579044
931,0.007579044
930,0.007534852
929,0.007534852
928,0.007490665
927,0.007446482
926,0.007402304
925,0.007313961
924,0.007269796
923,0.007269796
922,0.00735813
921,0.007490665
920,0.007579044
919,0.007579044
918,0.007490665
917,0.007402304
916,0.00735813
915,0.007313961
914,0.007225636
913,0.00718148
912,0.007093182
911,0.007049039
910,0.007049039
909,0.007093182
908,0.007225636
907,0.00735813
906,0.007402304
905,0.007402304
904,0.007313961
903,0.007269796
902,0.007269796
901,0.00735813
900,0.007446482
899,0.007579044
898,0.007755856
897,0.00793274
896,0.008109696
895,0.00824246
894,0.008286724
893,0.00824246
892,0.00824246
891,0.008330993
890,0.008640997
889,0.009128595
888,0.009749967
887,0.010372229
886,0.010817249
885,0.01103993
884,0.010950844
883,0.010772726
882,0.010550182
881,0.010327752
880,0.010194349
879,0.010105436
878,0.010016542
877,0.009927665
876,0.009838807
875,0.009661145
874,0.009350412
873,0.0090399
872,0.008773924
871,0.008552402
870,0.008419543
869,0.008286724
868,0.00824246
867,0.008153946
866,0.008109696
865,0.00806545
864,0.00806545
863,0.00806545
862,0.008109696
861,0.008198201
860,0.008286724
859,0.008330993
858,0.008330993
857,0.008286724
856,0.008198201
855,0.008153946
854,0.008109696
853,0.008153946
852,0.008153946
851,0.008153946
850,0.008153946
849,0.008153946
848,0.008109696
847,0.008109696
846,0.00806545
845,0.00806545
844,0.008109696
843,0.008330993
842,0.008552402
841,0.008818242
840,0.008951224
839,0.0090399
838,0.0090399
837,0.0090399
836,0.009084245
835,0.009172949
834,0.009306039
833,0.009483556
832,0.009838807
831,0.01028328
830,0.010906307
829,0.011619435
828,0.012423105
827,0.013228266
826,0.014034922
825,0.014708281
824,0.015202743
823,0.015517694
822,0.015697768
821,0.015742798
820,0.015832873
819,0.01596802
818,0.016193358
817,0.016463918
816,0.016599262
815,0.016554143
814,0.016373713
813,0.016148281
812,0.015922966
811,0.015742798
810,0.015652742
809,0.015562705
808,0.015472687
807,0.015427684
806,0.015382687
805,0.015292706
804,0.015157769
803,0.015022874
802,0.01488802
801,0.014843079
800,0.014843079
799,0.01488802
798,0.014977918
797,0.015022874
796,0.015022874
795,0.015067834
794,0.015112799
793,0.015247722
792,0.015427684
791,0.015652742
790,0.015877917
789,0.016103209
788,0.016328617
787,0.016554143
786,0.016779785
785,0.016960384
784,0.017095882
783,0.017231423
782,0.017367006
781,0.017412209
780,0.017457418
779,0.017457418
778,0.017457418
777,0.017502631
776,0.017502631
775,0.017547849
774,0.017593071
773,0.017728767
772,0.017909761
771,0.01809083
770,0.018181393
769,0.018181393
768,0.01809083
767,0.017955021
766,0.017819254
765,0.01768353
764,0.017547849
763,0.017547849
762,0.01768353
761,0.017955021
760,0.018498512
759,0.019224226
758,0.020042107
757,0.020907099
756,0.021819483
755,0.02291688
754,0.024476287
753,0.02691835
752,0.030537492
751,0.035410413
750,0.041388342
749,0.048128443
748,0.055221319
747,0.062081097
746,0.068237112
745,0.073091898
744,0.07592757
743,0.0759793
742,0.073040512
741,0.067526235
740,0.06083032
739,0.054285286
738,0.049197177
737,0.046143702
736,0.045082446
735,0.04561275
734,0.047062332
733,0.048808242
732,0.050317309
731,0.05124482
730,0.05139145
729,0.050756409
728,0.049440438
727,0.047498152
726,0.045178817
725,0.042680103
724,0.040100412
723,0.037630664
722,0.035316185
721,0.033201454
720,0.031376979
719,0.029792641
718,0.02839948
717,0.027149444
716,0.026179676
715,0.025534364
714,0.025442255
713,0.025810809
712,0.026595026
711,0.027750864
710,0.029141943
709,0.03077052
708,0.032686082
707,0.034657164
706,0.03654274
705,0.038009713
704,0.03891128
703,0.039101323
702,0.038673844
701,0.037772769
700,0.036637234
699,0.03550466
698,0.03461013
697,0.034140063
696,0.034234036
695,0.03498655
694,0.036306595
693,0.038104526
692,0.040148045
691,0.042344833
690,0.044697177
689,0.047207557
688,0.049732532
687,0.05207638
686,0.054088483
685,0.055764156
684,0.057148993
683,0.058389198
682,0.059533322
681,0.060680469
680,0.061930814
679,0.063285242
678,0.064643907
677,0.065956281
676,0.067019178
675,0.067830754
674,0.068440433
673,0.068898254
672,0.069407512
671,0.070019409
670,0.070938876
669,0.072219151
668,0.073709013
667,0.074894273
666,0.075462282
665,0.075513956
664,0.075100736
663,0.074378545
662,0.073297506
661,0.071962794
660,0.070223567
659,0.068186296
658,0.065754119
657,0.063235002
656,0.060680469
655,0.058240186
654,0.055764156
653,0.053056729
652,0.050073556
651,0.046965543
650,0.043927663
649,0.04124505
648,0.039006291
647,0.037251947
646,0.035834689
645,0.03461013
644,0.033342116
643,0.031797332
642,0.03002527
641,0.028353118
640,0.027103216
639,0.026548856
638,0.026595026
637,0.026872146
636,0.02691835
635,0.026502691
634,0.025534364
633,0.024246611
632,0.022688027
631,0.021135016
630,0.019814763
629,0.019088062
628,0.018951941
627,0.019133445
626,0.019088062
625,0.018362575
624,0.016870075
623,0.015112799
622,0.013945219
621,0.014259259
620,0.01623844
619,0.018906577
618,0.020633758
617,0.02008759
616,0.017321807
615,0.01376587
614,0.010995384
613,0.009794385
612,0.010327752
611,0.01215505
610,0.014528617
609,0.016644386
608,0.017864505
607,0.018136109
606,0.018045556
605,0.018815863
604,0.021135016
603,0.024982002
602,0.029188389
601,0.032077793
600,0.032358436
599,0.03002527
598,0.026225806
597,0.022733788
596,0.020679303
595,0.020224067
594,0.020724852
593,0.021135016
592,0.020907099
591,0.02017857
590,0.019678414
589,0.019678414
588,0.019860222
587,0.019451261
586,0.018362575
585,0.016960384
584,0.015922966
583,0.015562705
582,0.015742798
581,0.016193358
580,0.016870075
579,0.017728767
578,0.018906577
577,0.020815966
576,0.023558311
575,0.026410377
574,0.027797162
573,0.027103216
572,0.025120027
571,0.023695883
570,0.024292536
569,0.02668738
568,0.029792641
567,0.032732908
566,0.035551792
565,0.03881629
564,0.042680103
563,0.046820399
562,0.050805226
561,0.055122694
560,0.06083032
559,0.068847361
558,0.079094396
557,0.089856039
556,0.099141495
555,0.105683937
554,0.109634879
553,0.111483539
552,0.111427403
551,0.10885297
550,0.103970088